temps_s;amplitude_v
0;1.17385
0.0005;0.951607
0.001;1.226691
0.0015;1.53306
0.002;0.918046
0.0025;0.918052
0.003;1.552724
0.0035;1.268602
0.004;0.835684
0.0045;1.189896
0.005;0.837804
0.0055;0.836995
0.006;1.084687
0.0065;0.330352
0.007;0.396279
0.0075;0.803199
0.008;0.645509
0.0085;1.109987
0.009;0.682192
0.0095;0.505694
0.01;-0.487023
0.0105;-1.079022
0.011;-0.976365
0.0115;-1.498662
0.012;-1.190534
0.0125;-0.961177
0.013;-1.402848
0.0135;-0.868506
0.014;-1.210224
0.0145;-1.102093
0.015;-1.210597
0.0155;-0.351703
0.016;-1.004724
0.0165;-1.370199
0.017;-0.712109
0.0175;-1.427295
0.018;-0.926898
0.0185;-1.685885
0.019;-1.464865
0.0195;-0.931099
0.02;1.258463
0.0205;1.059979
0.021;0.959523
0.0215;0.894614
0.022;0.482517
0.0225;0.748055
0.023;0.838776
0.0235;1.369993
0.024;1.120266
0.0245;0.382936
0.025;1.113429
0.0255;0.865221
0.026;0.763077
0.0265;1.214087
0.027;1.36085
0.0275;1.325948
0.028;0.706274
0.0285;0.891776
0.029;1.115942
0.0295;1.341441
0.03;-1.167711
0.0305;-1.064981
0.031;-1.387217
0.0315;-1.418672
0.032;-0.715616
0.0325;-0.525316
0.033;-1.025204
0.0335;-0.648763
0.034;-0.873427
0.0345;-1.225792
0.035;-0.873512
0.0355;-0.461687
0.036;-1.012539
0.0365;-0.452375
0.037;-1.916911
0.0375;-0.712334
0.038;-0.969534
0.0385;-1.104653
0.039;-0.967884
0.0395;-1.695649
0.04;0.923115
0.0405;1.124989
0.041;1.517263
0.0415;0.818605
0.042;0.717027
0.0425;0.824385
0.043;1.320391
0.0435;1.115063
0.044;0.814584
0.0445;1.179644
0.045;1.033977
0.0455;1.339026
0.046;0.754281
0.0465;0.885318
0.047;0.862762
0.0475;0.48777
0.048;1.103642
0.0485;1.091369
0.049;1.00179
0.0495;0.917895
0.05;-1.49538
0.0505;-1.147226
0.051;-1.11995
0.0515;-1.280797
0.052;-1.05645
0.0525;-0.858582
0.053;-0.339835
0.0535;-0.938898
0.054;-0.909857
0.0545;-1.026056
0.055;-1.67157
0.0555;-1.00928
0.056;-0.978919
0.0565;-0.137865
0.057;-1.067326
0.0575;-0.894458
0.058;-1.012149
0.0585;-1.409037
0.059;-0.600012
0.0595;-0.736823
0.06;1.276861
0.0605;0.681714
0.061;1.490978
0.0615;0.509352
0.062;1.2054
0.0625;1.766659
0.063;0.653312
0.0635;0.801796
0.064;1.034878
0.0645;0.823784
0.065;0.457268
0.0655;1.023997
0.066;0.628194
0.0665;1.165757
0.067;0.678202
0.0675;1.542477
0.068;0.725861
0.0685;0.887278
0.069;1.284731
0.0695;0.569197
0.07;-0.920389
0.0705;-0.5425
0.071;-1.562619
0.0715;-0.935378
0.072;-0.909041
0.0725;-0.726362
0.073;-1.432933
0.0735;-1.46216
0.074;-0.81732
0.0745;-0.896055
0.075;-0.912328
0.0755;-0.878743
0.076;-1.238009
0.0765;-0.918711
0.077;-0.897425
0.0775;-1.250023
0.078;-0.346979
0.0785;-0.834158
0.079;-1.416956
0.0795;-0.770206
0.08;0.658861
0.0805;1.27548
0.081;1.405508
0.0815;0.712761
0.082;1.337182
0.0825;1.144473
0.083;1.287721
0.0835;1.663878
0.084;0.914114
0.0845;0.736192
0.085;0.68867
0.0855;0.714466
0.086;0.973014
0.0865;1.119403
0.087;1.096842
0.0875;1.289514
0.088;1.004551
0.0885;1.508737
0.089;0.90737
0.0895;1.952059
0.09;-0.781016
0.0905;-1.300005
0.091;-1.374812
0.0915;-0.831135
0.092;-1.078212
0.0925;-0.7501
0.093;-0.834367
0.0935;-1.02549
0.094;-1.296378
0.0945;-1.530197
0.095;-1.15628
0.0955;-0.70026
0.096;-0.925067
0.0965;-1.436009
0.097;-0.939387
0.0975;-0.865139
0.098;-1.30935
0.0985;-0.946196
0.099;-0.979627
0.0995;-1.40004
0.1;1.125226
0.1005;1.196275
0.101;1.379068
0.1015;1.368831
0.102;0.517816
0.1025;0.671761
0.103;1.180262
0.1035;1.179825
0.104;1.180267
0.1045;2.348456
0.105;1.199812
0.1055;1.397448
0.106;1.333901
0.1065;1.227987
0.107;0.889656
0.1075;1.265639
0.108;0.729511
0.1085;0.917113
0.109;0.830123
0.1095;1.028656
0.11;-0.18987
0.1105;-1.653543
0.111;-0.759809
0.1115;-1.564451
0.112;-1.165176
0.1125;-0.618867
0.113;-0.977502
0.1135;-1.377211
0.114;-1.250356
0.1145;-0.762141
0.115;-1.255628
0.1155;-0.924239
0.116;-0.98405
0.1165;-1.22806
0.117;-0.24962
0.1175;-0.778128
0.118;-1.7088
0.1185;-0.934741
0.119;-1.231625
0.1195;-0.701648
0.12;0.722618
0.1205;0.959842
0.121;1.176746
0.1215;1.303014
0.122;0.579896
0.1225;0.882925
0.123;0.833769
0.1235;0.771335
0.124;1.617909
0.1245;1.141744
0.125;0.558691
0.1255;1.321252
0.126;1.742755
0.1265;1.361363
0.127;0.468221
0.1275;0.830518
0.128;1.443419
0.1285;0.752316
0.129;1.155337
0.1295;1.271122
0.13;-1.324426
0.1305;-1.020834
0.131;-2.134444
0.1315;-1.358536
0.132;-1.088399
0.1325;-1.436724
0.133;-0.428656
0.1335;-1.500549
0.134;-1.154016
0.1345;-0.954241
0.135;-0.495554
0.1355;-1.502552
0.136;-0.592893
0.1365;-0.996418
0.137;-1.343528
0.1375;-0.838264
0.138;-0.930329
0.1385;-1.210076
0.139;-0.975569
0.1395;-1.13486
0.14;1.039731
0.1405;1.231746
0.141;1.555106
0.1415;0.566765
0.142;1.746562
0.1425;0.316769
0.143;0.946875
0.1435;1.205911
0.144;1.098347
0.1445;0.782055
0.145;0.927157
0.1455;0.82745
0.146;0.793722
0.1465;1.297361
0.147;1.124955
0.1475;0.757482
0.148;1.31486
0.1485;1.107555
0.149;1.284502
0.1495;1.22037
0.15;-1.290148
0.1505;-1.196063
0.151;-0.738447
0.1515;-0.78637
0.152;-1.007316
0.1525;-0.958935
0.153;-0.552817
0.1535;-1.20705
0.154;-0.808516
0.1545;-1.070767
0.155;-1.076188
0.1555;-0.615428
0.156;-0.711104
0.1565;-0.715272
0.157;-0.543082
0.1575;-0.992649
0.158;-0.761316
0.1585;-1.108593
0.159;-0.886542
0.1595;-1.04555
0.16;1.033949
0.1605;1.208305
0.161;0.713623
0.1615;1.732336
0.162;0.647894
0.1625;0.575034
0.163;1.405339
0.1635;1.277082
0.164;1.218442
0.1645;1.219921
0.165;0.995714
0.1655;0.685961
0.166;1.026532
0.1665;0.762993
0.167;1.341292
0.1675;0.94853
0.168;0.711076
0.1685;0.887515
0.169;1.144526
0.1695;0.802696
0.17;-1.287777
0.1705;-0.914709
0.171;-0.914262
0.1715;-1.17743
0.172;-1.164863
0.1725;-0.918783
0.173;-1.50683
0.1735;-1.492612
0.174;-1.251455
0.1745;-1.074707
0.175;-0.891182
0.1755;-0.483625
0.176;-0.699819
0.1765;-1.055978
0.177;-1.006656
0.1775;-1.350885
0.178;-1.00648
0.1785;-1.101031
0.179;-0.887049
0.1795;-1.289531
0.18;1.181771
0.1805;1.536459
0.181;0.961934
0.1815;1.140599
0.182;1.24155
0.1825;0.859573
0.183;1.078432
0.1835;1.004407
0.184;1.034187
0.1845;0.729447
0.185;1.008579
0.1855;1.174299
0.186;1.5079
0.1865;1.335745
0.187;1.753614
0.1875;0.731428
0.188;1.305312
0.1885;1.06417
0.189;1.766431
0.1895;0.717096
0.19;-1.293903
0.1905;-1.209787
0.191;-1.743364
0.1915;-1.184014
0.192;-1.265696
0.1925;-0.947362
0.193;-0.880385
0.1935;-0.34334
0.194;-0.667352
0.1945;-1.201916
0.195;-1.314445
0.1955;-0.827828
0.196;-1.462082
0.1965;-0.358989
0.197;-0.587196
0.1975;-1.164211
0.198;-1.599597
0.1985;-0.526145
0.199;-1.040089
0.1995;-0.566764
0.2;0.44195
0.2005;0.790219
0.201;1.001835
0.2015;1.016443
0.202;0.842477
0.2025;1.217997
0.203;0.626333
0.2035;0.950167
0.204;1.042103
0.2045;1.180054
0.205;1.249065
0.2055;0.606375
0.206;0.46306
0.2065;1.447187
0.207;1.11631
0.2075;0.73803
0.208;1.542903
0.2085;1.040486
0.209;1.412754
0.2095;1.023631
0.21;-0.278738
0.2105;-0.385631
0.211;-1.087137
0.2115;-0.65995
0.212;-0.774118
0.2125;-0.520979
0.213;-1.337723
0.2135;-0.759882
0.214;-0.629551
0.2145;-1.615559
0.215;-1.41414
0.2155;-1.713731
0.216;-1.094292
0.2165;-0.74886
0.217;-0.474175
0.2175;-0.974067
0.218;-0.429985
0.2185;-1.483036
0.219;-1.596184
0.2195;-1.019442
0.22;1.134423
0.2205;0.988557
0.221;0.276395
0.2215;0.968808
0.222;0.543436
0.2225;1.234385
0.223;1.128309
0.2235;0.671042
0.224;0.820147
0.2245;0.629275
0.225;0.978062
0.2255;1.3343
0.226;0.654996
0.2265;1.176416
0.227;0.81441
0.2275;0.722495
0.228;0.962539
0.2285;0.637665
0.229;0.806223
0.2295;0.580743
0.23;-0.312346
0.2305;-0.987658
0.231;-1.244904
0.2315;-0.925107
0.232;-1.039315
0.2325;-1.077339
0.233;-0.785042
0.2335;-0.734872
0.234;-1.185675
0.2345;-1.201536
0.235;-1.096268
0.2355;-1.805672
0.236;-1.530317
0.2365;-0.521594
0.237;-0.424261
0.2375;-1.087163
0.238;-0.798205
0.2385;-0.891062
0.239;0.077608
0.2395;-0.608149
0.24;0.955229
0.2405;0.665561
0.241;0.437744
0.2415;1.071212
0.242;0.735277
0.2425;0.502211
0.243;0.773699
0.2435;0.621458
0.244;1.5905
0.2445;1.308574
0.245;0.99721
0.2455;1.51798
0.246;1.027079
0.2465;0.698551
0.247;1.533093
0.2475;1.188619
0.248;0.636964
0.2485;0.933381
0.249;0.693534
0.2495;0.51602
0.25;-0.675838
0.2505;-0.331704
0.251;-1.489499
0.2515;-0.802961
0.252;-1.227725
0.2525;-1.170494
0.253;-1.207338
0.2535;-1.302397
0.254;-0.983017
0.2545;-1.290833
0.255;-0.90534
0.2555;-1.017583
0.256;-1.083632
0.2565;-1.317647
0.257;-1.20187
0.2575;-0.735613
0.258;-0.824679
0.2585;-1.342144
0.259;-0.965234
0.2595;-0.737015
0.26;0.415708
0.2605;1.190176
0.261;0.768082
0.2615;1.19971
0.262;0.732859
0.2625;0.368291
0.263;0.43036
0.2635;1.01683
0.264;1.090903
0.2645;0.683489
0.265;1.223507
0.2655;0.418468
0.266;0.976872
0.2665;0.576144
0.267;0.771857
0.2675;1.01659
0.268;0.698855
0.2685;0.865406
0.269;1.352202
0.2695;0.798088
0.27;-0.707508
0.2705;-1.395397
0.271;-0.814569
0.2715;-0.495451
0.272;-1.865076
0.2725;-1.278913
0.273;-0.798025
0.2735;-1.071066
0.274;-0.870099
0.2745;-1.211395
0.275;-0.969694
0.2755;-1.054487
0.276;-0.591276
0.2765;-0.910953
0.277;-0.881839
0.2775;-1.144157
0.278;-1.170662
0.2785;-1.151395
0.279;-0.861942
0.2795;-1.147345
0.28;1.101421
0.2805;1.72639
0.281;1.304894
0.2815;0.885892
0.282;1.420425
0.2825;0.857174
0.283;0.286656
0.2835;0.64717
0.284;0.345223
0.2845;0.87697
0.285;1.006446
0.2855;1.586753
0.286;1.114425
0.2865;0.923315
0.287;1.290292
0.2875;0.226103
0.288;1.082465
0.2885;1.269803
0.289;0.482495
0.2895;1.400314
0.29;-0.881526
0.2905;-1.145351
0.291;-0.778526
0.2915;-0.205257
0.292;-0.936347
0.2925;-0.913123
0.293;-1.160776
0.2935;-1.297446
0.294;-0.709382
0.2945;-1.299629
0.295;-0.974952
0.2955;-1.16718
0.296;-0.832357
0.2965;-0.883218
0.297;-0.636861
0.2975;-1.178506
0.298;-1.094456
0.2985;-1.342567
0.299;-1.155503
0.2995;-0.867945
0.3;1.264946
0.3005;0.677242
0.301;1.304362
0.3015;1.474473
0.302;1.144702
0.3025;1.656879
0.303;0.729174
0.3035;0.564371
0.304;0.377448
0.3045;1.523616
0.305;1.229028
0.3055;0.980545
0.306;1.097989
0.3065;0.606079
0.307;1.856013
0.3075;1.045227
0.308;1.038288
0.3085;1.254018
0.309;1.168353
0.3095;1.078359
0.31;-1.276666
0.3105;-0.834986
0.311;-0.341291
0.3115;-0.529103
0.312;-0.442385
0.3125;-1.178925
0.313;-1.346362
0.3135;-1.044025
0.314;-0.980496
0.3145;-0.617033
0.315;-1.592363
0.3155;-0.464657
0.316;-1.055303
0.3165;-1.149408
0.317;-1.354237
0.3175;-1.5792
0.318;-0.71189
0.3185;-0.974339
0.319;-1.451486
0.3195;-1.453278
0.32;0.882475
0.3205;1.584158
0.321;0.909143
0.3215;0.4739
0.322;0.91399
0.3225;0.904547
0.323;0.05609
0.3235;0.980997
0.324;0.919173
0.3245;1.243672
0.325;1.647135
0.3255;1.394298
0.326;0.905889
0.3265;0.612716
0.327;1.900676
0.3275;1.020726
0.328;1.004875
0.3285;0.991556
0.329;1.06933
0.3295;0.949474
0.33;-1.200782
0.3305;-1.191401
0.331;-1.011464
0.3315;-1.190199
0.332;-1.249496
0.3325;-0.962749
0.333;-1.089242
0.3335;-0.473602
0.334;-1.927839
0.3345;-0.617973
0.335;-0.56387
0.3355;-1.725687
0.336;-1.119941
0.3365;-1.130004
0.337;-1.492629
0.3375;-1.272236
0.338;-1.388702
0.3385;-0.386705
0.339;-0.672513
0.3395;-0.554956
0.34;1.252585
0.3405;0.604832
0.341;0.816418
0.3415;1.171281
0.342;0.572255
0.3425;1.249549
0.343;0.915886
0.3435;0.868813
0.344;1.248836
0.3445;1.155492
0.345;0.873662
0.3455;1.405765
0.346;0.621628
0.3465;1.215577
0.347;1.207585
0.3475;0.891659
0.348;1.114147
0.3485;0.56211
0.349;1.323409
0.3495;0.935284
0.35;-1.182953
0.3505;-0.632847
0.351;-1.24652
0.3515;-1.492961
0.352;-1.54482
0.3525;-0.787897
0.353;-1.44815
0.3535;-0.385822
0.354;-1.728675
0.3545;-0.40624
0.355;-0.926144
0.3555;-1.03385
0.356;-1.190722
0.3565;-0.860302
0.357;-1.013172
0.3575;-0.613844
0.358;-0.96002
0.3585;-0.947394
0.359;-1.127264
0.3595;-1.019931
0.36;1.107731
0.3605;0.401441
0.361;0.528135
0.3615;1.260142
0.362;1.059803
0.3625;0.935606
0.363;1.006452
0.3635;1.121654
0.364;0.811084
0.3645;0.727593
0.365;1.068546
0.3655;0.65757
0.366;1.142888
0.3665;0.404096
0.367;1.360204
0.3675;1.165409
0.368;1.08961
0.3685;1.343942
0.369;1.582916
0.3695;1.35503
0.37;-1.644306
0.3705;-1.447852
0.371;-1.218687
0.3715;-0.990868
0.372;-0.818819
0.3725;-1.25401
0.373;-0.934632
0.3735;-1.264384
0.374;-1.214031
0.3745;-1.492331
0.375;-1.323132
0.3755;-1.47309
0.376;-1.341556
0.3765;-0.631225
0.377;-1.33229
0.3775;-0.078666
0.378;-0.827339
0.3785;-0.935307
0.379;-1.300425
0.3795;-0.754892
0.38;0.798527
0.3805;1.042703
0.381;1.89603
0.3815;0.966379
0.382;1.402246
0.3825;0.753888
0.383;0.987754
0.3835;1.61978
0.384;0.780562
0.3845;1.634357
0.385;1.247713
0.3855;0.803137
0.386;1.221343
0.3865;1.340394
0.387;1.217633
0.3875;0.450421
0.388;0.745502
0.3885;0.913368
0.389;0.973948
0.3895;1.217235
0.39;-0.937805
0.3905;-1.467371
0.391;-0.866931
0.3915;-0.786295
0.392;-0.804073
0.3925;-0.621727
0.393;-0.708127
0.3935;-0.839287
0.394;-1.024558
0.3945;-1.581336
0.395;-0.849634
0.3955;-0.927309
0.396;-0.904947
0.3965;-1.446862
0.397;-1.37837
0.3975;-0.631397
0.398;-1.013844
0.3985;-0.761475
0.399;-0.990089
0.3995;-0.989585
0.4;1.328399
0.4005;0.819384
0.401;1.033642
0.4015;0.838204
0.402;0.847926
0.4025;0.89179
0.403;1.077747
0.4035;0.832438
0.404;1.439515
0.4045;0.686887
0.405;0.934595
0.4055;0.846094
0.406;1.506442
0.4065;1.068794
0.407;1.361146
0.4075;0.480054
0.408;1.093468
0.4085;1.311371
0.409;1.028799
0.4095;1.372918
0.41;-1.181051
0.4105;-0.506728
0.411;-0.195386
0.4115;-1.126993
0.412;-1.155926
0.4125;-0.491315
0.413;-0.44715
0.4135;-1.183001
0.414;-1.147065
0.4145;-1.098625
0.415;-1.470558
0.4155;-1.321528
0.416;-1.351449
0.4165;-1.268729
0.417;-1.01214
0.4175;-0.918025
0.418;-0.457325
0.4185;-1.349424
0.419;-0.655487
0.4195;-1.074896
0.42;0.982688
0.4205;1.236187
0.421;0.607047
0.4215;1.133843
0.422;1.058258
0.4225;1.172358
0.423;1.101209
0.4235;1.859355
0.424;0.776791
0.4245;0.814151
0.425;0.781901
0.4255;0.805583
0.426;0.776915
0.4265;1.416156
0.427;1.497176
0.4275;0.800239
0.428;0.708676
0.4285;1.164995
0.429;0.806722
0.4295;1.221526
0.43;1.071023
0.4305;-1.53051
0.431;-0.458373
0.4315;-0.371443
0.432;-1.214476
0.4325;-1.135696
0.433;-0.899947
0.4335;-0.88294
0.434;-0.76951
0.4345;-0.296428
0.435;-1.061932
0.4355;-1.279404
0.436;-1.482762
0.4365;-1.255826
0.437;-1.011594
0.4375;-0.371905
0.438;-1.181164
0.4385;-0.921674
0.439;-1.005748
0.4395;-0.584062
0.44;1.884426
0.4405;0.814196
0.441;0.828696
0.4415;1.365456
0.442;1.238662
0.4425;1.646348
0.443;1.204375
0.4435;0.874248
0.444;1.206729
0.4445;1.388046
0.445;1.287169
0.4455;1.177546
0.446;1.373336
0.4465;1.409253
0.447;1.483756
0.4475;1.227048
0.448;0.941509
0.4485;1.05135
0.449;1.422278
0.4495;0.714073
0.45;-0.870964
0.4505;-1.137669
0.451;-0.989939
0.4515;-0.552542
0.452;-0.933115
0.4525;-0.983747
0.453;-1.47595
0.4535;-0.738811
0.454;-0.774081
0.4545;-0.242861
0.455;-1.107722
0.4555;-0.923297
0.456;-0.912716
0.4565;-0.447891
0.457;-1.033353
0.4575;-0.902342
0.458;-0.787236
0.4585;-0.934687
0.459;-1.156252
0.4595;-0.932069
0.46;1.375771
0.4605;0.64072
0.461;1.046539
0.4615;0.754958
0.462;1.418266
0.4625;0.466885
0.463;0.804377
0.4635;1.132024
0.464;1.547933
0.4645;0.976987
0.465;0.80568
0.4655;1.658405
0.466;0.493195
0.4665;0.230418
0.467;1.154005
0.4675;0.824281
0.468;0.642569
0.4685;1.247925
0.469;1.08533
0.4695;0.802572
0.47;-1.448107
0.4705;-0.69464
0.471;-0.77243
0.4715;-1.034712
0.472;-0.353677
0.4725;-1.37453
0.473;-1.533934
0.4735;-1.242168
0.474;-1.015955
0.4745;-0.914831
0.475;-1.084433
0.4755;-0.876781
0.476;-1.438039
0.4765;-0.494682
0.477;-1.028753
0.4775;-0.608946
0.478;-0.880046
0.4785;-0.840136
0.479;-0.800581
0.4795;-0.843302
0.48;1.224953
0.4805;1.465203
0.481;1.068782
0.4815;1.248151
0.482;0.968593
0.4825;1.504041
0.483;0.763263
0.4835;1.630329
0.484;0.985945
0.4845;0.499229
0.485;1.044837
0.4855;0.761632
0.486;1.294225
0.4865;0.771582
0.487;0.843836
0.4875;0.338661
0.488;0.841693
0.4885;0.151642
0.489;0.445634
0.4895;1.266145
0.49;-0.72497
0.4905;-0.85109
0.491;-1.338442
0.4915;-1.016699
0.492;-1.001261
0.4925;-1.405428
0.493;-0.473811
0.4935;-0.692923
0.494;-1.077337
0.4945;-0.99059
0.495;-0.927066
0.4955;-1.714607
0.496;-1.086512
0.4965;-1.238694
0.497;-1.350567
0.4975;-1.098385
0.498;-0.37081
0.4985;-0.775705
0.499;-1.199913
0.4995;-0.799596
0.5;1.489774
0.5005;1.323622
0.501;1.020871
0.5015;0.773572
0.502;1.244378
0.5025;1.13772
0.503;1.313318
0.5035;1.22231
0.504;1.367343
0.5045;0.812668
0.505;1.461088
0.5055;1.06916
0.506;1.726341
0.5065;0.758784
0.507;1.607587
0.5075;1.069269
0.508;0.772004
0.5085;0.83064
0.509;0.887878
0.5095;1.148458
0.51;1.182992
0.5105;-1.200795
0.511;-1.008524
0.5115;-0.250205
0.512;-0.39536
0.5125;-0.847287
0.513;-0.986699
0.5135;-0.957989
0.514;-0.785269
0.5145;-1.357977
0.515;-1.090082
0.5155;-1.584004
0.516;-0.860272
0.5165;-0.773481
0.517;-1.169115
0.5175;-0.449105
0.518;-1.429018
0.5185;-1.512531
0.519;-0.921442
0.5195;-0.633516
0.52;1.589375
0.5205;0.839391
0.521;1.377538
0.5215;0.986522
0.522;0.93958
0.5225;1.309281
0.523;1.228313
0.5235;0.448263
0.524;1.516789
0.5245;1.483032
0.525;0.781053
0.5255;1.138531
0.526;1.172911
0.5265;1.091236
0.527;0.807393
0.5275;0.764932
0.528;0.991056
0.5285;1.410455
0.529;1.19026
0.5295;0.870285
0.53;-0.729905
0.5305;-1.99699
0.531;-0.597932
0.5315;-1.6089
0.532;-1.126854
0.5325;-1.391884
0.533;-1.453139
0.5335;-0.593711
0.534;-1.163695
0.5345;-0.878724
0.535;-1.016422
0.5355;-0.833036
0.536;-0.973112
0.5365;-1.449047
0.537;-0.651307
0.5375;-1.172815
0.538;-1.544804
0.5385;-1.14984
0.539;-0.474734
0.5395;-0.702422
0.54;0.877972
0.5405;0.87776
0.541;0.887428
0.5415;1.726862
0.542;1.133677
0.5425;1.150515
0.543;1.360599
0.5435;1.083576
0.544;0.909335
0.5445;0.931278
0.545;0.97494
0.5455;0.986972
0.546;1.25467
0.5465;1.018181
0.547;1.256424
0.5475;0.971749
0.548;1.027522
0.5485;0.30063
0.549;1.320715
0.5495;1.121271
0.55;-0.650696
0.5505;-2.013689
0.551;-0.269069
0.5515;-1.048856
0.552;-0.612136
0.5525;-1.363967
0.553;-0.785529
0.5535;-1.368695
0.554;-1.218319
0.5545;-0.330089
0.555;-1.066739
0.5555;-0.923898
0.556;-0.695476
0.5565;-0.826511
0.557;-0.947353
0.5575;-0.872264
0.558;-0.158805
0.5585;-1.020167
0.559;-0.929615
0.5595;-0.632271
0.56;1.386934
0.5605;1.415461
0.561;1.223556
0.5615;0.599948
0.562;1.571701
0.5625;0.598779
0.563;1.105922
0.5635;0.736003
0.564;0.977552
0.5645;1.115067
0.565;1.112475
0.5655;1.147672
0.566;1.564799
0.5665;1.158737
0.567;0.914545
0.5675;1.337431
0.568;1.416315
0.5685;0.570337
0.569;1.20909
0.5695;1.24541
0.57;-1.104147
0.5705;-0.518503
0.571;-1.052519
0.5715;-0.956048
0.572;-1.060575
0.5725;-0.994547
0.573;-1.383696
0.5735;-1.504018
0.574;-0.441923
0.5745;-1.296436
0.575;-1.346987
0.5755;-1.753687
0.576;-1.223637
0.5765;-1.463081
0.577;-0.425295
0.5775;-0.646564
0.578;-1.240853
0.5785;-0.211647
0.579;-0.656382
0.5795;-1.113691
0.58;0.125208
0.5805;1.80183
0.581;0.51365
0.5815;0.42411
0.582;1.3579
0.5825;1.853913
0.583;1.484495
0.5835;1.197368
0.584;1.208164
0.5845;1.298695
0.585;1.265625
0.5855;1.098417
0.586;1.03647
0.5865;0.978092
0.587;0.736112
0.5875;0.901764
0.588;0.407465
0.5885;0.965581
0.589;0.653993
0.5895;0.613744
0.59;1.062963
0.5905;-0.512799
0.591;-0.678589
0.5915;-1.549675
0.592;-1.34637
0.5925;-0.67073
0.593;-1.343871
0.5935;-1.078622
0.594;-0.807482
0.5945;-1.338921
0.595;-0.963119
0.5955;-1.466909
0.596;-1.210479
0.5965;-0.888076
0.597;-1.557548
0.5975;-0.845834
0.598;-1.006873
0.5985;-0.806629
0.599;-0.92163
0.5995;-0.522551
0.6;1.043829
0.6005;0.849708
0.601;1.042804
0.6015;1.190154
0.602;1.017101
0.6025;1.014207
0.603;0.754303
0.6035;0.767985
0.604;0.509088
0.6045;1.612352
0.605;0.564648
0.6055;0.757483
0.606;0.748557
0.6065;1.313224
0.607;0.896768
0.6075;1.43671
0.608;0.764278
0.6085;1.097648
0.609;0.707629
0.6095;1.750802
0.61;-1.415659
0.6105;-0.891563
0.611;-0.778178
0.6115;-0.85517
0.612;-1.064851
0.6125;-1.045437
0.613;-0.984666
0.6135;-1.051451
0.614;-0.662642
0.6145;-0.226317
0.615;-1.195122
0.6155;-1.479431
0.616;-1.030899
0.6165;-0.097102
0.617;-1.281286
0.6175;-0.426309
0.618;-0.412805
0.6185;-1.193756
0.619;-0.800856
0.6195;-0.430061
0.62;0.867305
0.6205;0.928747
0.621;0.796412
0.6215;0.644835
0.622;0.772753
0.6225;0.571621
0.623;1.011929
0.6235;0.730509
0.624;1.081825
0.6245;0.455437
0.625;1.115808
0.6255;1.291735
0.626;0.302193
0.6265;1.13092
0.627;1.429684
0.6275;0.576626
0.628;1.5854
0.6285;1.146657
0.629;0.753246
0.6295;0.980481
0.63;-0.804586
0.6305;-0.973398
0.631;-0.811435
0.6315;-1.322236
0.632;-0.940724
0.6325;-1.4948
0.633;-1.038929
0.6335;-1.316368
0.634;-1.257435
0.6345;-0.567367
0.635;-0.618041
0.6355;-0.786802
0.636;-1.382309
0.6365;-1.110743
0.637;-0.575416
0.6375;-0.950399
0.638;-0.188235
0.6385;-0.862339
0.639;-0.932783
0.6395;-1.108191
0.64;1.046739
0.6405;0.946636
0.641;1.247838
0.6415;1.334846
0.642;0.724904
0.6425;0.534068
0.643;0.357328
0.6435;1.177797
0.644;0.613822
0.6445;0.246488
0.645;1.136003
0.6455;1.87255
0.646;0.997875
0.6465;1.293472
0.647;1.02864
0.6475;0.965389
0.648;1.321677
0.6485;0.898404
0.649;1.093587
0.6495;1.112594
0.65;-1.233832
0.6505;-0.652785
0.651;-1.061236
0.6515;-1.264511
0.652;-0.812222
0.6525;-1.314464
0.653;-0.990137
0.6535;-1.003192
0.654;-0.619937
0.6545;-0.833856
0.655;-1.008759
0.6555;-0.713782
0.656;-0.513427
0.6565;-0.804766
0.657;-0.996377
0.6575;-1.459143
0.658;-1.37279
0.6585;-1.106829
0.659;-1.213329
0.6595;-1.06544
0.66;1.019827
0.6605;1.185392
0.661;0.975325
0.6615;1.170276
0.662;1.022566
0.6625;0.308587
0.663;0.671233
0.6635;0.949569
0.664;0.576607
0.6645;1.209975
0.665;1.535763
0.6655;1.426567
0.666;0.925295
0.6665;1.521754
0.667;1.052034
0.6675;0.88202
0.668;0.785309
0.6685;0.894136
0.669;0.864138
0.6695;1.059646
0.67;-0.943799
0.6705;-0.998934
0.671;-0.847072
0.6715;-0.583274
0.672;-0.667656
0.6725;-1.519714
0.673;-1.893872
0.6735;-0.672988
0.674;-1.478408
0.6745;-1.078668
0.675;-1.40954
0.6755;-1.630693
0.676;-0.810488
0.6765;-0.734296
0.677;-1.201779
0.6775;-1.906865
0.678;-1.191186
0.6785;-0.862869
0.679;-1.517619
0.6795;-0.935824
0.68;0.994642
0.6805;1.202752
0.681;1.041853
0.6815;0.659426
0.682;1.4188
0.6825;0.944515
0.683;0.990443
0.6835;0.673356
0.684;0.844851
0.6845;0.690319
0.685;0.939469
0.6855;1.599098
0.686;0.519835
0.6865;0.435254
0.687;1.51491
0.6875;0.926737
0.688;0.765825
0.6885;1.363967
0.689;0.788035
0.6895;1.639103
0.69;-0.762726
0.6905;-1.170769
0.691;-0.244942
0.6915;-1.212
0.692;-0.740267
0.6925;-0.895248
0.693;-0.544391
0.6935;-0.453471
0.694;-0.988799
0.6945;-1.263696
0.695;-0.83901
0.6955;-1.2372
0.696;-0.295314
0.6965;-0.952213
0.697;-1.127863
0.6975;-0.935362
0.698;-1.471494
0.6985;-1.340065
0.699;-0.579855
0.6995;-1.229913
0.7;0.633581
0.7005;1.187828
0.701;1.414996
0.7015;1.251634
0.702;1.348617
0.7025;0.735122
0.703;0.502366
0.7035;1.525467
0.704;0.887062
0.7045;0.912208
0.705;1.464868
0.7055;1.194681
0.706;1.159561
0.7065;1.757751
0.707;0.774769
0.7075;1.324744
0.708;1.019955
0.7085;1.094007
0.709;1.534964
0.7095;1.177743
0.71;-0.811596
0.7105;-0.624622
0.711;-1.127733
0.7115;-1.293723
0.712;-1.365683
0.7125;-1.688225
0.713;-0.280328
0.7135;-1.386123
0.714;-1.077439
0.7145;-1.096885
0.715;-0.892408
0.7155;-0.714492
0.716;-0.698834
0.7165;-1.204077
0.717;-1.058493
0.7175;-0.901097
0.718;-1.087042
0.7185;-0.437429
0.719;-0.828159
0.7195;-0.742793
0.72;1.232008
0.7205;1.410716
0.721;1.063358
0.7215;0.546109
0.722;1.139891
0.7225;0.772025
0.723;0.814984
0.7235;1.205227
0.724;1.433399
0.7245;1.007445
0.725;1.108092
0.7255;1.595775
0.726;1.084264
0.7265;1.910589
0.727;1.197928
0.7275;0.383733
0.728;1.26367
0.7285;1.133405
0.729;1.451413
0.7295;1.235613
0.73;-1.04846
0.7305;-1.428504
0.731;-1.073158
0.7315;-1.297682
0.732;-1.203183
0.7325;-0.793998
0.733;-0.415533
0.7335;-0.861865
0.734;-1.418559
0.7345;-0.844389
0.735;-0.581179
0.7355;-1.213424
0.736;-1.046906
0.7365;-0.994859
0.737;-1.274714
0.7375;-0.773102
0.738;-1.042332
0.7385;-0.853164
0.739;-1.310622
0.7395;-1.15311
0.74;1.252833
0.7405;0.869508
0.741;1.604437
0.7415;0.860127
0.742;1.07864
0.7425;1.326407
0.743;0.503572
0.7435;0.383717
0.744;0.46602
0.7445;1.441904
0.745;0.80685
0.7455;1.89537
0.746;0.802513
0.7465;1.064593
0.747;1.539738
0.7475;1.702133
0.748;1.721526
0.7485;1.422928
0.749;1.358422
0.7495;1.207384
0.75;1.272426
0.7505;-1.192915
0.751;-1.28637
0.7515;-1.001181
0.752;-1.059565
0.7525;-1.15863
0.753;-0.756264
0.7535;-0.665643
0.754;-0.969058
0.7545;-0.482864
0.755;-1.399591
0.7555;-1.067781
0.756;-1.250888
0.7565;-1.653288
0.757;-1.028938
0.7575;-1.042612
0.758;-0.470293
0.7585;-0.779216
0.759;-1.358465
0.7595;-0.351068
0.76;1.427362
0.7605;1.203734
0.761;0.920731
0.7615;0.664196
0.762;0.869728
0.7625;1.381062
0.763;1.659605
0.7635;1.540135
0.764;0.828903
0.7645;0.608134
0.765;1.04931
0.7655;0.381046
0.766;1.113109
0.7665;0.948339
0.767;0.836887
0.7675;0.441854
0.768;1.17976
0.7685;0.813555
0.769;0.590529
0.7695;-0.005292
0.77;-1.00963
0.7705;-0.379712
0.771;-0.418559
0.7715;-1.159984
0.772;-1.210774
0.7725;-0.835929
0.773;-1.349435
0.7735;-0.894373
0.774;-0.731872
0.7745;-0.570573
0.775;-1.035054
0.7755;-1.071286
0.776;-1.307294
0.7765;-1.289408
0.777;-1.079268
0.7775;-0.871422
0.778;-0.680245
0.7785;-1.281113
0.779;-0.477559
0.7795;-1.094893
0.78;0.992521
0.7805;0.738476
0.781;0.151516
0.7815;1.309416
0.782;1.257895
0.7825;0.901535
0.783;1.023447
0.7835;1.180579
0.784;0.453109
0.7845;0.814832
0.785;1.277993
0.7855;0.560999
0.786;1.102745
0.7865;0.525196
0.787;1.16325
0.7875;0.987525
0.788;0.434704
0.7885;1.407659
0.789;0.742893
0.7895;0.716412
0.79;-0.929801
0.7905;-0.597977
0.791;-1.355538
0.7915;-0.978412
0.792;-0.849914
0.7925;-0.757413
0.793;-0.938245
0.7935;-1.12846
0.794;-1.289657
0.7945;-0.96985
0.795;-1.375249
0.7955;-2.022473
0.796;-0.847204
0.7965;-0.683623
0.797;-1.827026
0.7975;-1.353406
0.798;-0.783296
0.7985;-0.279877
0.799;-0.992722
0.7995;-1.254801
0.8;0.935986
0.8005;1.481207
0.801;0.773913
0.8015;0.720283
0.802;0.83104
0.8025;0.666335
0.803;1.042935
0.8035;1.568637
0.804;1.113078
0.8045;0.911676
0.805;0.897866
0.8055;0.452883
0.806;1.309088
0.8065;0.972757
0.807;0.936832
0.8075;2.117588
0.808;1.104564
0.8085;0.736873
0.809;0.850775
0.8095;1.401956
0.81;-0.960355
0.8105;-1.503397
0.811;-0.67827
0.8115;-1.23385
0.812;-0.344346
0.8125;-0.621983
0.813;-1.156563
0.8135;-0.551644
0.814;-0.976251
0.8145;-0.701529
0.815;-0.830344
0.8155;-1.296225
0.816;-1.225242
0.8165;-0.639514
0.817;-1.117171
0.8175;-1.141277
0.818;-1.334293
0.8185;-0.85174
0.819;-0.278116
0.8195;-1.373637
0.82;1.008477
0.8205;1.494277
0.821;0.972126
0.8215;1.15833
0.822;0.628162
0.8225;1.149907
0.823;0.9345
0.8235;1.345005
0.824;1.415585
0.8245;1.906347
0.825;1.202872
0.8255;1.114029
0.826;1.068035
0.8265;0.876392
0.827;1.118469
0.8275;0.89661
0.828;1.058961
0.8285;1.461159
0.829;0.64771
0.8295;1.398957
0.83;-0.53901
0.8305;-1.041324
0.831;-1.742649
0.8315;-1.212738
0.832;-0.546052
0.8325;-1.008004
0.833;-1.349756
0.8335;-1.176671
0.834;-0.705783
0.8345;-0.808643
0.835;-1.083626
0.8355;-1.128389
0.836;-1.137115
0.8365;-1.322844
0.837;-0.434619
0.8375;-1.112812
0.838;-0.573995
0.8385;-0.467539
0.839;-0.650591
0.8395;-1.151067
0.84;1.141306
0.8405;0.991532
0.841;0.683704
0.8415;1.113526
0.842;0.587336
0.8425;1.415688
0.843;0.837384
0.8435;1.070406
0.844;1.099151
0.8445;0.909383
0.845;1.205343
0.8455;0.833784
0.846;1.304954
0.8465;0.528907
0.847;1.044233
0.8475;1.678625
0.848;0.649884
0.8485;0.762789
0.849;1.179868
0.8495;1.062854
0.85;-0.877279
0.8505;-0.828785
0.851;-0.777847
0.8515;-0.611605
0.852;-0.856563
0.8525;-1.08444
0.853;-0.764599
0.8535;-0.335041
0.854;-1.046422
0.8545;-1.341085
0.855;-0.612522
0.8555;-1.042133
0.856;-1.760434
0.8565;-0.703402
0.857;-1.187365
0.8575;-1.031687
0.858;-0.883807
0.8585;-0.933325
0.859;-0.751692
0.8595;-1.15242
0.86;-0.820413
0.8605;0.909159
0.861;1.258584
0.8615;1.215379
0.862;0.672596
0.8625;1.380094
0.863;0.812413
0.8635;1.28282
0.864;1.128551
0.8645;1.643364
0.865;0.921787
0.8655;0.877739
0.866;0.993203
0.8665;0.893887
0.867;1.27998
0.8675;0.434291
0.868;0.631211
0.8685;0.626269
0.869;1.332608
0.8695;1.598715
0.87;-1.036557
0.8705;-1.059088
0.871;-0.975482
0.8715;-0.593343
0.872;-1.324574
0.8725;-0.916571
0.873;-0.658681
0.8735;-0.824617
0.874;-0.933646
0.8745;-0.649634
0.875;-1.946131
0.8755;-0.762744
0.876;-1.228926
0.8765;-1.640722
0.877;-0.821079
0.8775;-0.51922
0.878;-1.048107
0.8785;-0.666494
0.879;-0.435703
0.8795;-0.53978
0.88;1.573988
0.8805;1.259745
0.881;1.026402
0.8815;0.439312
0.882;0.913878
0.8825;0.704864
0.883;1.75983
0.8835;0.93844
0.884;1.043122
0.8845;1.19302
0.885;1.015261
0.8855;1.593268
0.886;0.782073
0.8865;1.068113
0.887;0.740135
0.8875;0.537992
0.888;0.785881
0.8885;0.987037
0.889;0.849744
0.8895;0.757653
0.89;-1.492211
0.8905;-1.029087
0.891;-1.526652
0.8915;-0.73398
0.892;-0.971146
0.8925;-1.510143
0.893;-1.108223
0.8935;-1.263255
0.894;-0.888289
0.8945;-0.530842
0.895;-1.65631
0.8955;-0.959741
0.896;-1.056046
0.8965;-0.765031
0.897;-0.925381
0.8975;-1.263189
0.898;-1.111669
0.8985;-1.278609
0.899;-0.623398
0.8995;-0.992541
0.9;1.665417
0.9005;0.978769
0.901;0.752058
0.9015;0.4702
0.902;0.368901
0.9025;0.445552
0.903;1.093494
0.9035;1.178054
0.904;0.446583
0.9045;1.313263
0.905;0.830929
0.9055;1.051378
0.906;1.564277
0.9065;1.313894
0.907;0.906014
0.9075;0.688083
0.908;0.246865
0.9085;0.748296
0.909;0.926104
0.9095;0.654487
0.91;0.95406
0.9105;-0.973102
0.911;-1.0787
0.9115;-1.227501
0.912;-0.940971
0.9125;-0.845321
0.913;-1.38164
0.9135;-0.506174
0.914;-1.034506
0.9145;-0.993403
0.915;-0.752125
0.9155;-0.918374
0.916;-0.666402
0.9165;-0.899507
0.917;-1.214353
0.9175;-0.873474
0.918;-1.400304
0.9185;-0.962004
0.919;-1.01163
0.9195;-1.072841
0.92;0.955012
0.9205;0.341353
0.921;0.807946
0.9215;1.032496
0.922;1.05595
0.9225;0.640314
0.923;1.442998
0.9235;0.696839
0.924;1.33931
0.9245;1.149518
0.925;0.77382
0.9255;1.621359
0.926;0.582227
0.9265;1.321704
0.927;1.350204
0.9275;0.765283
0.928;1.487363
0.9285;0.912484
0.929;1.101043
0.9295;1.091113
0.93;-1.047008
0.9305;-0.716217
0.931;-0.722279
0.9315;-1.611986
0.932;-0.543481
0.9325;-1.581872
0.933;-0.638609
0.9335;-0.605653
0.934;-1.381838
0.9345;-1.143785
0.935;-1.386997
0.9355;-1.075222
0.936;-1.107812
0.9365;-0.727119
0.937;-0.541392
0.9375;-0.511511
0.938;-1.196759
0.9385;-1.073228
0.939;-1.589203
0.9395;-1.282055
0.94;1.337698
0.9405;1.565454
0.941;0.567978
0.9415;0.792638
0.942;0.990758
0.9425;1.098056
0.943;0.716639
0.9435;1.148421
0.944;0.834156
0.9445;0.994942
0.945;1.191199
0.9455;1.002248
0.946;0.847265
0.9465;0.961637
0.947;0.969073
0.9475;0.870496
0.948;0.909421
0.9485;1.559527
0.949;1.196322
0.9495;0.896582
0.95;-0.756066
0.9505;-1.116837
0.951;-0.589406
0.9515;-0.870625
0.952;-1.037556
0.9525;-0.843299
0.953;-1.549807
0.9535;-1.394369
0.954;-1.417874
0.9545;-0.94997
0.955;-0.39362
0.9555;-0.219045
0.956;-0.776682
0.9565;-0.824704
0.957;-1.63037
0.9575;-1.189936
0.958;-1.275724
0.9585;-1.217297
0.959;-1.05885
0.9595;-1.165232
0.96;0.307245
0.9605;1.261769
0.961;0.62454
0.9615;1.083736
0.962;1.725929
0.9625;0.678215
0.963;0.114399
0.9635;0.899899
0.964;1.385336
0.9645;1.685422
0.965;0.569658
0.9655;1.173845
0.966;0.837141
0.9665;0.962918
0.967;1.92552
0.9675;0.47396
0.968;1.088809
0.9685;1.163693
0.969;1.380025
0.9695;1.034294
0.97;1.107818
0.9705;-1.137077
0.971;-0.905806
0.9715;-1.120117
0.972;-0.78245
0.9725;-1.129364
0.973;-0.868015
0.9735;-1.010242
0.974;-0.605882
0.9745;-1.017988
0.975;-1.620561
0.9755;-0.558327
0.976;-1.317006
0.9765;-1.228818
0.977;-1.208481
0.9775;-0.518947
0.978;-1.747486
0.9785;0.098212
0.979;-0.63038
0.9795;-0.921866
0.98;0.980787
0.9805;1.099944
0.981;1.182393
0.9815;1.225825
0.982;1.194462
0.9825;1.031353
0.983;0.930932
0.9835;0.947054
0.984;0.931782
0.9845;1.39682
0.985;1.207745
0.9855;-0.029136
0.986;1.229565
0.9865;1.068158
0.987;0.993452
0.9875;0.864019
0.988;1.393439
0.9885;1.331634
0.989;0.729493
0.9895;1.142468
0.99;-1.34008
0.9905;-1.482866
0.991;-1.219351
0.9915;-0.698162
0.992;-0.666406
0.9925;-0.82042
0.993;-0.746216
0.9935;-0.819338
0.994;-1.224519
0.9945;-0.848827
0.995;-0.719857
0.9955;-0.735998
0.996;-0.58388
0.9965;-0.752094
0.997;-0.876993
0.9975;-0.625447
0.998;-1.009282
0.9985;-1.308656
0.999;-1.057073
0.9995;-1.260716
